Handle,Title,SKU,On Hand
trailblazer-low-slate-8,Trailblazer Low - Slate/8,AUR-1001,48
ridgeline-mid-moss-9,Ridgeline Mid - Moss/9,AUR-1004,18
summit-gtx-charcoal-9,Summit GTX - Charcoal/9,AUR-1006,11
shell-jacket-storm-blue-m,Shell Jacket - Storm Blue/M,MER-2001,28
base-layer-tee-graphite-l,Base Layer Tee - Graphite/L,MER-2006,50
fleece-half-zip-pine-m,Fleece Half-Zip - Pine/M,MER-2007,4
daypack-22l-basalt,Daypack 22L - Basalt,CAS-3001,15
trekking-poles-pair,Trekking Poles (Pair),CAS-3004,22
legacy-clearance-item,Legacy Clearance Item,CHI-OLD-002,3
